report	status	path	message
check_routes	PASS	/DATA/home/edu135/MNIST/4_Backend_ICC2/4_Report/trials/libdir_via1_no_track_trim_all_pin_util45_route_rerun3/07_extract_sta_hold_after_electrical_eco_open2_route_repair1_m0_saved_recheck/check_routes.rpt	
antenna	PASS	/DATA/home/edu135/MNIST/4_Backend_ICC2/4_Report/trials/libdir_via1_no_track_trim_all_pin_util45_route_rerun3/07_extract_sta_hold_after_electrical_eco_open2_route_repair1_m0_saved_recheck/antenna.rpt	
report_qor	PASS	/DATA/home/edu135/MNIST/4_Backend_ICC2/4_Report/trials/libdir_via1_no_track_trim_all_pin_util45_route_rerun3/07_extract_sta_hold_after_electrical_eco_open2_route_repair1_m0_saved_recheck/qor.rpt	
report_global_timing	PASS	/DATA/home/edu135/MNIST/4_Backend_ICC2/4_Report/trials/libdir_via1_no_track_trim_all_pin_util45_route_rerun3/07_extract_sta_hold_after_electrical_eco_open2_route_repair1_m0_saved_recheck/global_timing.rpt	
timing_max	PASS	/DATA/home/edu135/MNIST/4_Backend_ICC2/4_Report/trials/libdir_via1_no_track_trim_all_pin_util45_route_rerun3/07_extract_sta_hold_after_electrical_eco_open2_route_repair1_m0_saved_recheck/timing.max.rpt	
timing_min	PASS	/DATA/home/edu135/MNIST/4_Backend_ICC2/4_Report/trials/libdir_via1_no_track_trim_all_pin_util45_route_rerun3/07_extract_sta_hold_after_electrical_eco_open2_route_repair1_m0_saved_recheck/timing.min.rpt	
timing_min_violators	PASS	/DATA/home/edu135/MNIST/4_Backend_ICC2/4_Report/trials/libdir_via1_no_track_trim_all_pin_util45_route_rerun3/07_extract_sta_hold_after_electrical_eco_open2_route_repair1_m0_saved_recheck/timing.min.violators.rpt	
constraint_all_violators	PASS	/DATA/home/edu135/MNIST/4_Backend_ICC2/4_Report/trials/libdir_via1_no_track_trim_all_pin_util45_route_rerun3/07_extract_sta_hold_after_electrical_eco_open2_route_repair1_m0_saved_recheck/constraint.all_violators.rpt	
constraint_max_transition	PASS	/DATA/home/edu135/MNIST/4_Backend_ICC2/4_Report/trials/libdir_via1_no_track_trim_all_pin_util45_route_rerun3/07_extract_sta_hold_after_electrical_eco_open2_route_repair1_m0_saved_recheck/constraint.max_transition.rpt	
constraint_max_capacitance	PASS	/DATA/home/edu135/MNIST/4_Backend_ICC2/4_Report/trials/libdir_via1_no_track_trim_all_pin_util45_route_rerun3/07_extract_sta_hold_after_electrical_eco_open2_route_repair1_m0_saved_recheck/constraint.max_capacitance.rpt	
constraint_hold	PASS	/DATA/home/edu135/MNIST/4_Backend_ICC2/4_Report/trials/libdir_via1_no_track_trim_all_pin_util45_route_rerun3/07_extract_sta_hold_after_electrical_eco_open2_route_repair1_m0_saved_recheck/constraint.hold.rpt	
utilization	PASS	/DATA/home/edu135/MNIST/4_Backend_ICC2/4_Report/trials/libdir_via1_no_track_trim_all_pin_util45_route_rerun3/07_extract_sta_hold_after_electrical_eco_open2_route_repair1_m0_saved_recheck/utilization.rpt	
design_physical	PASS	/DATA/home/edu135/MNIST/4_Backend_ICC2/4_Report/trials/libdir_via1_no_track_trim_all_pin_util45_route_rerun3/07_extract_sta_hold_after_electrical_eco_open2_route_repair1_m0_saved_recheck/design_physical.rpt	
check_legality	PASS	/DATA/home/edu135/MNIST/4_Backend_ICC2/4_Report/trials/libdir_via1_no_track_trim_all_pin_util45_route_rerun3/07_extract_sta_hold_after_electrical_eco_open2_route_repair1_m0_saved_recheck/check_legality.rpt	
pg_connectivity	PASS	/DATA/home/edu135/MNIST/4_Backend_ICC2/4_Report/trials/libdir_via1_no_track_trim_all_pin_util45_route_rerun3/07_extract_sta_hold_after_electrical_eco_open2_route_repair1_m0_saved_recheck/pg_connectivity.rpt	
pg_drc	PASS	/DATA/home/edu135/MNIST/4_Backend_ICC2/4_Report/trials/libdir_via1_no_track_trim_all_pin_util45_route_rerun3/07_extract_sta_hold_after_electrical_eco_open2_route_repair1_m0_saved_recheck/pg_drc.rpt	
report_analysis_coverage	OPTIONAL_FAIL	/DATA/home/edu135/MNIST/4_Backend_ICC2/4_Report/trials/libdir_via1_no_track_trim_all_pin_util45_route_rerun3/07_extract_sta_hold_after_electrical_eco_open2_route_repair1_m0_saved_recheck/analysis_coverage.rpt	Errors detected during redirect
