label	name	class	bbox	ref_name	lib_cell	origin	orientation	physical_status	layer	net	shape_use	via_def	extra
cell	u_input_fifo/fifo_buf_reg[257][6]	cell	{823.0530 270.6990} {827.5390 272.5020}	DFFARX1_RVT	_sel6	823.1680 272.4720	MX	placed					
cell_pin	u_input_fifo/fifo_buf_reg[257][6]/D	pin	{823.4170 271.7420} {823.5890 271.9190}					placed	M1 CO	eco_net_7764_u_input_fifo/n14442			cell=u_input_fifo/fifo_buf_reg[257][6]
cell_pin	u_input_fifo/fifo_buf_reg[257][6]/CLK	pin	{823.7210 270.8960} {823.8930 271.0480}					placed	M1 CO	ZCTSNET_520			cell=u_input_fifo/fifo_buf_reg[257][6]
cell_pin	u_input_fifo/fifo_buf_reg[257][6]/RSTB	pin	{824.8910 272.2490} {826.0210 272.3780}					placed	M1 CO	ZBUF_753_1116			cell=u_input_fifo/fifo_buf_reg[257][6]
cell_pin	u_input_fifo/fifo_buf_reg[257][6]/Q	pin	{826.7910 270.9260} {827.1750 272.3240}					placed	M1 CO	u_input_fifo/fifo_buf[257][6]			cell=u_input_fifo/fifo_buf_reg[257][6]
cell_pin	u_input_fifo/fifo_buf_reg[257][6]/QN	pin	{827.0790 270.9260} {827.3280 272.3180}					placed	M1 CO				cell=u_input_fifo/fifo_buf_reg[257][6]
cell_pin	u_input_fifo/fifo_buf_reg[257][6]/VDD	pin	{823.1680 270.7700} {827.4240 271.5250}					placed	M1 CO	VDD			cell=u_input_fifo/fifo_buf_reg[257][6]
cell_pin	u_input_fifo/fifo_buf_reg[257][6]/VSS	pin	{823.1680 272.0110} {827.4240 272.5020}					placed	M1 CO	VSS			cell=u_input_fifo/fifo_buf_reg[257][6]
near_cell	u_input_fifo/fifo_buf_reg[321][11]	cell	{817.2770 270.6990} {821.7630 272.5020}	DFFARX1_RVT	_sel17	817.3920 272.4720	MX	placed					target_cell=u_input_fifo/fifo_buf_reg[257][6]
near_cell	u_input_fifo/fifo_buf_reg[321][12]	cell	{817.7330 267.3550} {822.2190 269.1580}	DFFARX1_RVT	_sel18	817.8480 269.1280	MX	placed					target_cell=u_input_fifo/fifo_buf_reg[257][6]
near_cell	u_input_fifo/fifo_buf_reg[257][8]	cell	{827.7650 269.0980} {832.2510 270.9010}	DFFARX1_RVT	_sel19	827.8800 269.1280	R0	placed					target_cell=u_input_fifo/fifo_buf_reg[257][6]
near_cell	u_input_fifo/fifo_buf_reg[257][14]	cell	{826.8530 274.0430} {831.3390 275.8460}	DFFARX1_RVT	_sel20	826.9680 275.8160	MX	placed					target_cell=u_input_fifo/fifo_buf_reg[257][6]
near_cell	U103513	cell	{820.3170 274.0430} {822.0670 275.8460}	AO22X1_RVT	_sel21	820.4320 275.8160	MX	placed					target_cell=u_input_fifo/fifo_buf_reg[257][6]
near_cell	U103519	cell	{821.9890 267.3550} {823.7390 269.1580}	AO22X1_RVT	_sel22	822.1040 269.1280	MX	placed					target_cell=u_input_fifo/fifo_buf_reg[257][6]
near_cell	U112579	cell	{822.2930 274.0430} {824.0430 275.8460}	AO22X1_RVT	_sel23	822.4080 275.8160	MX	placed					target_cell=u_input_fifo/fifo_buf_reg[257][6]
near_cell	U117329	cell	{825.1810 267.3550} {826.9310 269.1580}	AO22X1_RVT	_sel24	825.2960 269.1280	MX	placed					target_cell=u_input_fifo/fifo_buf_reg[257][6]
near_cell	U119211	cell	{823.5090 267.3550} {825.2590 269.1580}	AO22X1_RVT	_sel25	823.6240 269.1280	MX	placed					target_cell=u_input_fifo/fifo_buf_reg[257][6]
near_cell	U120714	cell	{820.0130 272.4420} {821.4590 274.2450}	NAND4X0_RVT	_sel26	820.1280 272.4720	R0	placed					target_cell=u_input_fifo/fifo_buf_reg[257][6]
near_cell	U22458	cell	{827.3090 267.3550} {830.5790 269.1580}	DELLN1X2_RVT	_sel27	827.4240 269.1280	MX	placed					target_cell=u_input_fifo/fifo_buf_reg[257][6]
near_cell	ZBUF_148_inst_20060	cell	{827.3090 272.4420} {830.5790 274.2450}	DELLN1X2_RVT	_sel28	827.4240 272.4720	R0	placed					target_cell=u_input_fifo/fifo_buf_reg[257][6]
near_cell	ZBUF_291_inst_25063	cell	{823.8130 274.0430} {827.0830 275.8460}	DELLN1X2_RVT	_sel29	823.9280 275.8160	MX	placed					target_cell=u_input_fifo/fifo_buf_reg[257][6]
near_cell	U_1_PTECO_HOLD_BUF4991	cell	{819.2530 269.0980} {822.5230 270.9010}	DELLN1X2_RVT	_sel30	819.3680 269.1280	R0	placed					target_cell=u_input_fifo/fifo_buf_reg[257][6]
near_cell	U_1_PTECO_HOLD_BUF13226	cell	{829.1330 270.6990} {832.4030 272.5020}	DELLN1X2_RVT	_sel31	829.2480 272.4720	MX	placed					target_cell=u_input_fifo/fifo_buf_reg[257][6]
near_pin	u_input_fifo/fifo_buf_reg[321][11]/Q	pin	{821.0150 270.9260} {821.3990 272.3240}					placed	M1 CO	u_input_fifo/fifo_buf[321][11]			target_cell=u_input_fifo/fifo_buf_reg[257][6]
near_pin	u_input_fifo/fifo_buf_reg[321][11]/VDD	pin	{817.3920 270.7700} {821.6480 271.5250}					placed	M1 CO	VDD			target_cell=u_input_fifo/fifo_buf_reg[257][6]
near_pin	u_input_fifo/fifo_buf_reg[321][11]/VSS	pin	{817.3920 272.0110} {821.6480 272.5020}					placed	M1 CO	VSS			target_cell=u_input_fifo/fifo_buf_reg[257][6]
near_pin	u_input_fifo/fifo_buf_reg[321][12]/Q	pin	{821.4710 267.5820} {821.8550 268.9800}					placed	M1 CO	u_input_fifo/fifo_buf[321][12]			target_cell=u_input_fifo/fifo_buf_reg[257][6]
near_pin	u_input_fifo/fifo_buf_reg[321][12]/QN	pin	{821.7590 267.5820} {822.0080 268.9740}					placed	M1 CO				target_cell=u_input_fifo/fifo_buf_reg[257][6]
near_pin	u_input_fifo/fifo_buf_reg[321][12]/VSS	pin	{817.8480 268.6670} {822.1040 269.1580}					placed	M1 CO	VSS			target_cell=u_input_fifo/fifo_buf_reg[257][6]
near_pin	u_input_fifo/fifo_buf_reg[257][8]/VDD	pin	{827.8800 270.0750} {832.1360 270.8300}					placed	M1 CO	VDD			target_cell=u_input_fifo/fifo_buf_reg[257][6]
near_pin	u_input_fifo/fifo_buf_reg[257][8]/VSS	pin	{827.8800 269.0980} {832.1360 269.5890}					placed	M1 CO	VSS			target_cell=u_input_fifo/fifo_buf_reg[257][6]
near_pin	u_input_fifo/fifo_buf_reg[257][14]/VDD	pin	{826.9680 274.1140} {831.2240 274.8690}					placed	M1 CO	VDD			target_cell=u_input_fifo/fifo_buf_reg[257][6]
near_pin	U103513/Y	pin	{821.5930 274.2500} {821.7130 275.6710}					placed	M1 CO	u_input_fifo/n14440			target_cell=u_input_fifo/fifo_buf_reg[257][6]
near_pin	U103513/VDD	pin	{820.4320 274.1140} {821.9520 274.9760}					placed	M1 CO	VDD			target_cell=u_input_fifo/fifo_buf_reg[257][6]
near_pin	U103519/Y	pin	{823.2650 267.5620} {823.3850 268.9830}					placed	M1 CO	u_input_fifo/n14446			target_cell=u_input_fifo/fifo_buf_reg[257][6]
near_pin	U103519/VSS	pin	{822.1040 268.6250} {823.6240 269.1580}					placed	M1 CO	VSS			target_cell=u_input_fifo/fifo_buf_reg[257][6]
near_pin	U112579/Y	pin	{823.5690 274.2500} {823.6890 275.6710}					placed	M1 CO	n96551			target_cell=u_input_fifo/fifo_buf_reg[257][6]
near_pin	U112579/VDD	pin	{822.4080 274.1140} {823.9280 274.9760}					placed	M1 CO	VDD			target_cell=u_input_fifo/fifo_buf_reg[257][6]
near_pin	U117329/Y	pin	{826.4570 267.5620} {826.5770 268.9830}					placed	M1 CO	n101423			target_cell=u_input_fifo/fifo_buf_reg[257][6]
near_pin	U117329/VSS	pin	{825.2960 268.6250} {826.8160 269.1580}					placed	M1 CO	VSS			target_cell=u_input_fifo/fifo_buf_reg[257][6]
near_pin	U119211/Y	pin	{824.7850 267.5620} {824.9050 268.9830}					placed	M1 CO	n103431			target_cell=u_input_fifo/fifo_buf_reg[257][6]
near_pin	U119211/VSS	pin	{823.6240 268.6250} {825.1440 269.1580}					placed	M1 CO	VSS			target_cell=u_input_fifo/fifo_buf_reg[257][6]
near_pin	U120714/Y	pin	{820.4070 272.5930} {821.1050 274.0230}					placed	M1 CO	n104953			target_cell=u_input_fifo/fifo_buf_reg[257][6]
near_pin	U120714/VDD	pin	{820.1280 273.6650} {821.3440 274.1740}					placed	M1 CO	VDD			target_cell=u_input_fifo/fifo_buf_reg[257][6]
near_pin	U120714/VSS	pin	{820.1280 272.4420} {821.3440 273.0430}					placed	M1 CO	VSS			target_cell=u_input_fifo/fifo_buf_reg[257][6]
near_pin	U22458/VSS	pin	{827.4240 267.9380} {830.4640 269.1580}					placed	M1 CO	VSS			target_cell=u_input_fifo/fifo_buf_reg[257][6]
near_pin	ZBUF_148_inst_20060/VDD	pin	{827.4240 273.0410} {830.4640 274.1740}					placed	M1 CO	VDD			target_cell=u_input_fifo/fifo_buf_reg[257][6]
near_pin	ZBUF_148_inst_20060/VSS	pin	{827.4240 272.4420} {830.4640 273.6620}					placed	M1 CO	VSS			target_cell=u_input_fifo/fifo_buf_reg[257][6]
near_pin	ZBUF_291_inst_25063/Y	pin	{826.3350 274.2670} {826.8710 275.6850}					placed	M1 CO	ZBUF_291_3213			target_cell=u_input_fifo/fifo_buf_reg[257][6]
near_pin	ZBUF_291_inst_25063/VDD	pin	{823.9280 274.1140} {826.9680 275.2470}					placed	M1 CO	VDD			target_cell=u_input_fifo/fifo_buf_reg[257][6]
near_pin	U_1_PTECO_HOLD_BUF4991/VDD	pin	{819.3680 269.6970} {822.4080 270.8300}					placed	M1 CO	VDD			target_cell=u_input_fifo/fifo_buf_reg[257][6]
near_pin	U_1_PTECO_HOLD_BUF4991/VSS	pin	{819.3680 269.0980} {822.4080 270.3180}					placed	M1 CO	VSS			target_cell=u_input_fifo/fifo_buf_reg[257][6]
near_pin	U_1_PTECO_HOLD_BUF13226/A	pin	{829.3450 271.6570} {829.6690 271.7970}					placed	M1 CO	u_input_fifo/n13420			target_cell=u_input_fifo/fifo_buf_reg[257][6]
near_pin	U_1_PTECO_HOLD_BUF13226/VDD	pin	{829.2480 270.7700} {832.2880 271.9030}					placed	M1 CO	VDD			target_cell=u_input_fifo/fifo_buf_reg[257][6]
near_pin	U_1_PTECO_HOLD_BUF13226/VSS	pin	{829.2480 271.2820} {832.2880 272.5020}					placed	M1 CO	VSS			target_cell=u_input_fifo/fifo_buf_reg[257][6]
near_shape	PATH_11_149	shape	{20.0000 269.0980} {1189.3360 269.1580}					unrestricted	M1	VSS	lib_cell_pin_connect		target_cell=u_input_fifo/fifo_buf_reg[257][6]
near_shape	PATH_11_150	shape	{20.0000 270.7700} {1189.3360 270.8300}					unrestricted	M1	VDD	lib_cell_pin_connect		target_cell=u_input_fifo/fifo_buf_reg[257][6]
near_shape	PATH_11_151	shape	{20.0000 272.4420} {1189.3360 272.5020}					unrestricted	M1	VSS	lib_cell_pin_connect		target_cell=u_input_fifo/fifo_buf_reg[257][6]
near_shape	PATH_11_152	shape	{20.0000 274.1140} {1189.3360 274.1740}					unrestricted	M1	VDD	lib_cell_pin_connect		target_cell=u_input_fifo/fifo_buf_reg[257][6]
near_shape	PATH_25_419	shape	{822.5320 237.6360} {822.5880 319.1640}					unrestricted	M8	ZBUF_2_570	detail_route		target_cell=u_input_fifo/fifo_buf_reg[257][6]
near_shape	PATH_25_936	shape	{826.1800 193.8600} {826.2360 334.9720}					unrestricted	M8	ZBUF_544_3383	detail_route		target_cell=u_input_fifo/fifo_buf_reg[257][6]
near_shape	PATH_23_5215	shape	{827.3960 269.2520} {887.6440 269.3080}					unrestricted	M7	ZBUF_2_713	detail_route		target_cell=u_input_fifo/fifo_buf_reg[257][6]
near_shape	PATH_23_5217	shape	{811.5880 270.4680} {839.6120 270.5240}					unrestricted	M7	ZBUF_2_724	detail_route		target_cell=u_input_fifo/fifo_buf_reg[257][6]
near_shape	PATH_19_6920	shape	{827.3960 273.5080} {832.0120 273.5640}					unrestricted	M5	u_input_fifo/n14450	detail_route		target_cell=u_input_fifo/fifo_buf_reg[257][6]
near_shape	PATH_19_6921	shape	{815.2360 269.2520} {826.8440 269.3080}					unrestricted	M5	u_input_fifo/n14444	detail_route		target_cell=u_input_fifo/fifo_buf_reg[257][6]
near_shape	PATH_21_12343	shape	{828.0040 269.2520} {828.0600 303.9640}					unrestricted	M6	ZBUF_2_655	detail_route		target_cell=u_input_fifo/fifo_buf_reg[257][6]
near_shape	PATH_21_12443	shape	{823.1400 242.5000} {823.1960 300.3160}					unrestricted	M6	ZBUF_2_809	detail_route		target_cell=u_input_fifo/fifo_buf_reg[257][6]
near_shape	PATH_21_13217	shape	{826.1800 239.4600} {826.2360 322.2040}					unrestricted	M6	ZBUF_2_559	detail_route		target_cell=u_input_fifo/fifo_buf_reg[257][6]
near_shape	PATH_21_13312	shape	{821.3160 244.9320} {821.3720 289.9800}					unrestricted	M6	ZBUF_2_648	detail_route		target_cell=u_input_fifo/fifo_buf_reg[257][6]
near_shape	PATH_21_18448	shape	{821.9240 242.5000} {821.9800 322.2040}					unrestricted	M6	ZBUF_1243_2067	detail_route		target_cell=u_input_fifo/fifo_buf_reg[257][6]
near_shape	PATH_21_19495	shape	{824.3560 241.2840} {824.4120 286.9400}					unrestricted	M6	ZBUF_2_582	detail_route		target_cell=u_input_fifo/fifo_buf_reg[257][6]
near_shape	PATH_17_21757	shape	{827.3960 273.5080} {827.4520 275.3880}					unrestricted	M4	u_input_fifo/n14450	detail_route		target_cell=u_input_fifo/fifo_buf_reg[257][6]
near_shape	PATH_17_21758	shape	{826.7880 267.7320} {826.8440 269.3080}					unrestricted	M4	u_input_fifo/n14444	detail_route		target_cell=u_input_fifo/fifo_buf_reg[257][6]
near_shape	PATH_17_21761	shape	{824.6600 272.9000} {824.7160 275.3880}					unrestricted	M4	u_input_fifo/n14444	detail_route		target_cell=u_input_fifo/fifo_buf_reg[257][6]
near_shape	PATH_17_21777	shape	{823.7480 274.1160} {823.8040 278.7320}					unrestricted	M4	u_input_fifo/n14439	detail_route		target_cell=u_input_fifo/fifo_buf_reg[257][6]
near_shape	PATH_21_22867	shape	{828.6120 264.3880} {828.6680 315.5160}					unrestricted	M6	ZBUF_2_3226	detail_route		target_cell=u_input_fifo/fifo_buf_reg[257][6]
near_shape	PATH_17_23456	shape	{822.2280 267.4280} {822.2840 269.3080}					unrestricted	M4	u_input_fifo/n13266	detail_route		target_cell=u_input_fifo/fifo_buf_reg[257][6]
near_shape	PATH_17_23457	shape	{828.9160 267.4280} {828.9720 268.7000}					unrestricted	M4	u_input_fifo/n13266	detail_route		target_cell=u_input_fifo/fifo_buf_reg[257][6]
near_shape	PATH_21_24653	shape	{822.5320 265.6040} {822.5880 275.9960}					unrestricted	M6	eco_net_5992_u_input_fifo/n14440	detail_route		target_cell=u_input_fifo/fifo_buf_reg[257][6]
near_shape	PATH_17_43847	shape	{821.9240 253.7480} {821.9800 276.3000}					unrestricted	M4	n93454	detail_route		target_cell=u_input_fifo/fifo_buf_reg[257][6]
near_shape	PATH_17_44063	shape	{822.5320 265.6040} {822.5880 310.9560}					unrestricted	M4	n94141	detail_route		target_cell=u_input_fifo/fifo_buf_reg[257][6]
near_shape	PATH_17_44546	shape	{823.4440 266.2120} {823.5000 280.8600}					unrestricted	M4	n95868	detail_route		target_cell=u_input_fifo/fifo_buf_reg[257][6]
near_shape	PATH_17_46116	shape	{822.8360 271.0760} {822.8920 313.0840}					unrestricted	M4	n101449	detail_route		target_cell=u_input_fifo/fifo_buf_reg[257][6]
near_shape	PATH_17_46802	shape	{824.0520 263.7800} {824.1080 284.2040}					unrestricted	M4	n103457	detail_route		target_cell=u_input_fifo/fifo_buf_reg[257][6]
near_shape	PATH_17_47262	shape	{821.3160 273.5080} {821.3720 274.7800}					unrestricted	M4	n104931	detail_route		target_cell=u_input_fifo/fifo_buf_reg[257][6]
near_shape	PATH_19_49139	shape	{828.6120 270.4680} {832.6200 270.5240}					unrestricted	M5	ZCTSNET_520	detail_route		target_cell=u_input_fifo/fifo_buf_reg[257][6]
near_shape	PATH_17_55048	shape	{825.5720 253.4440} {825.6280 277.2120}					unrestricted	M4	n128974	detail_route		target_cell=u_input_fifo/fifo_buf_reg[257][6]
near_shape	PATH_17_64525	shape	{827.0920 258.9160} {827.1480 271.4360}					unrestricted	M4	n133978	detail_route		target_cell=u_input_fifo/fifo_buf_reg[257][6]
near_shape	PATH_19_66646	shape	{828.0040 269.2520} {884.9080 269.3080}					unrestricted	M5	ZBUF_2_655	detail_route		target_cell=u_input_fifo/fifo_buf_reg[257][6]
near_shape	PATH_19_71725	shape	{817.3640 270.4680} {827.4520 270.5240}					unrestricted	M5	ZBUF_2_713	detail_route		target_cell=u_input_fifo/fifo_buf_reg[257][6]
near_shape	PATH_19_71750	shape	{819.4920 268.6440} {857.5480 268.7000}					unrestricted	M5	ZBUF_2_729	detail_route		target_cell=u_input_fifo/fifo_buf_reg[257][6]
near_shape	PATH_15_76309	shape	{826.9400 269.8600} {831.8600 269.9160}					unrestricted	M3	u_input_fifo/fifo_buf[257][8]	detail_route		target_cell=u_input_fifo/fifo_buf_reg[257][6]
near_shape	PATH_15_78418	shape	{822.9880 273.8120} {834.1400 273.8680}					unrestricted	M3	u_input_fifo/fifo_buf[321][4]	detail_route		target_cell=u_input_fifo/fifo_buf_reg[257][6]
near_shape	PATH_19_82317	shape	{811.5880 272.2920} {822.2840 272.3480}					unrestricted	M5	ZBUF_646_2059	detail_route		target_cell=u_input_fifo/fifo_buf_reg[257][6]
near_shape	PATH_17_82539	shape	{826.1800 264.3880} {826.2360 320.0760}					unrestricted	M4	n141035	detail_route		target_cell=u_input_fifo/fifo_buf_reg[257][6]
near_shape	PATH_19_82750	shape	{818.8840 271.6840} {856.0280 271.7400}					unrestricted	M5	ZBUF_526_2203	detail_route		target_cell=u_input_fifo/fifo_buf_reg[257][6]
near_shape	PATH_19_87803	shape	{817.9720 274.1160} {829.8840 274.1720}					unrestricted	M5	ZBUF_2528_2890	detail_route		target_cell=u_input_fifo/fifo_buf_reg[257][6]
near_shape	PATH_19_89488	shape	{823.7480 272.2920} {838.7000 272.3480}					unrestricted	M5	ZBUF_642_2947	detail_route		target_cell=u_input_fifo/fifo_buf_reg[257][6]
near_shape	PATH_15_89701	shape	{819.4920 270.7720} {821.6760 270.8280}					unrestricted	M3	u_input_fifo/n14440	detail_route		target_cell=u_input_fifo/fifo_buf_reg[257][6]
near_shape	PATH_19_91675	shape	{797.3000 269.8600} {829.8840 269.9160}					unrestricted	M5	ZBUF_1326_3048	detail_route		target_cell=u_input_fifo/fifo_buf_reg[257][6]
near_shape	PATH_15_92245	shape	{829.3720 271.0760} {831.1000 271.1320}					unrestricted	M3	u_input_fifo/n13420	detail_route		target_cell=u_input_fifo/fifo_buf_reg[257][6]
near_shape	PATH_15_92682	shape	{828.9160 268.6440} {830.9480 268.7000}					unrestricted	M3	u_input_fifo/n13266	detail_route		target_cell=u_input_fifo/fifo_buf_reg[257][6]
near_shape	PATH_19_95137	shape	{815.2360 273.5080} {827.1480 273.5640}					unrestricted	M5	ZBUF_16_3309	detail_route		target_cell=u_input_fifo/fifo_buf_reg[257][6]
near_shape	PATH_19_96084	shape	{808.5480 272.9000} {845.3880 272.9560}					unrestricted	M5	ZBUF_300_3419	detail_route		target_cell=u_input_fifo/fifo_buf_reg[257][6]
near_shape	PATH_17_112334	shape	{827.7000 274.1160} {827.7560 278.1240}					unrestricted	M4	ZCTSNET_520	detail_route		target_cell=u_input_fifo/fifo_buf_reg[257][6]
near_shape	PATH_17_136269	shape	{826.4840 240.0680} {826.5400 283.9000}					unrestricted	M4	ZBUF_2_623	detail_route		target_cell=u_input_fifo/fifo_buf_reg[257][6]
near_shape	PATH_17_136348	shape	{824.9640 245.2360} {825.0200 275.0840}					unrestricted	M4	ZBUF_2_636	detail_route		target_cell=u_input_fifo/fifo_buf_reg[257][6]
near_shape	PATH_15_144930	shape	{826.9400 274.4200} {830.9480 274.4760}					unrestricted	M3	u_input_fifo/fifo_buf[257][14]	detail_route		target_cell=u_input_fifo/fifo_buf_reg[257][6]
near_shape	PATH_15_150111	shape	{819.6440 268.6440} {821.8280 268.7000}					unrestricted	M3	u_input_fifo/fifo_buf[321][12]	detail_route		target_cell=u_input_fifo/fifo_buf_reg[257][6]
near_shape	PATH_15_150114	shape	{821.7720 268.6440} {824.2600 268.7000}					unrestricted	M3	u_input_fifo/fifo_buf[321][12]	detail_route		target_cell=u_input_fifo/fifo_buf_reg[257][6]
near_shape	PATH_15_150129	shape	{825.4200 269.2520} {830.4920 269.3080}					unrestricted	M3	u_input_fifo/fifo_buf[321][8]	detail_route		target_cell=u_input_fifo/fifo_buf_reg[257][6]
near_shape	PATH_15_150145	shape	{829.2200 272.2920} {835.9640 272.3480}					unrestricted	M3	u_input_fifo/fifo_buf[321][6]	detail_route		target_cell=u_input_fifo/fifo_buf_reg[257][6]
near_shape	PATH_17_155112	shape	{828.3080 216.0520} {828.3640 292.7160}					unrestricted	M4	ZBUF_2_758	detail_route		target_cell=u_input_fifo/fifo_buf_reg[257][6]
near_shape	PATH_17_155157	shape	{821.0120 218.4840} {821.0680 293.0200}					unrestricted	M4	ZBUF_2_785	detail_route		target_cell=u_input_fifo/fifo_buf_reg[257][6]
near_shape	PATH_17_155197	shape	{823.1400 267.7320} {823.1960 276.6040}					unrestricted	M4	ZBUF_2_847	detail_route		target_cell=u_input_fifo/fifo_buf_reg[257][6]
near_shape	PATH_13_162081	shape	{828.1560 267.7320} {828.2120 270.5240}					unrestricted	M2	u_input_fifo/n14444	detail_route		target_cell=u_input_fifo/fifo_buf_reg[257][6]
near_shape	PATH_13_162092	shape	{823.2920 272.2920} {823.3480 276.3000}					unrestricted	M2	u_input_fifo/n14442	detail_route		target_cell=u_input_fifo/fifo_buf_reg[257][6]
near_shape	PATH_13_162106	shape	{827.3960 274.1160} {827.4520 278.5800}					unrestricted	M2	u_input_fifo/n14439	detail_route		target_cell=u_input_fifo/fifo_buf_reg[257][6]
near_shape	PATH_13_166698	shape	{822.0760 266.5160} {822.1320 269.3080}					unrestricted	M2	u_input_fifo/n13266	detail_route		target_cell=u_input_fifo/fifo_buf_reg[257][6]
near_shape	PATH_17_174232	shape	{825.2680 268.0360} {825.3240 269.9160}					unrestricted	M4	ZBUF_1177_2067	detail_route		target_cell=u_input_fifo/fifo_buf_reg[257][6]
near_shape	PATH_17_181178	shape	{825.8760 230.6440} {825.9320 277.2120}					unrestricted	M4	ZBUF_121_2712	detail_route		target_cell=u_input_fifo/fifo_buf_reg[257][6]
near_shape	PATH_17_184652	shape	{827.7000 154.6440} {827.7560 269.0040}					unrestricted	M4	ZBUF_624_2793	detail_route		target_cell=u_input_fifo/fifo_buf_reg[257][6]
near_shape	PATH_17_184659	shape	{821.6200 268.0360} {821.6760 269.0040}					unrestricted	M4	ZBUF_954_2793	detail_route		target_cell=u_input_fifo/fifo_buf_reg[257][6]
near_shape	PATH_13_186629	shape	{822.9880 273.8120} {823.0440 275.2360}					unrestricted	M2	u_input_fifo/fifo_buf[321][4]	detail_route		target_cell=u_input_fifo/fifo_buf_reg[257][6]
near_shape	PATH_17_193892	shape	{828.0040 259.8280} {828.0600 333.4520}					unrestricted	M4	ZBUF_2_3052	detail_route		target_cell=u_input_fifo/fifo_buf_reg[257][6]
near_shape	PATH_17_195224	shape	{821.3160 261.0440} {821.3720 270.2200}					unrestricted	M4	ZBUF_1032_3099	detail_route		target_cell=u_input_fifo/fifo_buf_reg[257][6]
near_shape	PATH_17_199117	shape	{824.6600 268.0360} {824.7160 269.0040}					unrestricted	M4	ZBUF_779_3213	detail_route		target_cell=u_input_fifo/fifo_buf_reg[257][6]
near_shape	PATH_17_200730	shape	{827.0920 273.5080} {827.1480 275.0840}					unrestricted	M4	ZBUF_16_3309	detail_route		target_cell=u_input_fifo/fifo_buf_reg[257][6]
near_shape	PATH_17_207503	shape	{828.9160 270.1640} {828.9720 287.5480}					unrestricted	M4	ZBUF_141_3454	detail_route		target_cell=u_input_fifo/fifo_buf_reg[257][6]
near_shape	PATH_17_211267	shape	{822.8360 265.6040} {822.8920 269.0040}					unrestricted	M4	eco_net_5992_u_input_fifo/n14440	detail_route		target_cell=u_input_fifo/fifo_buf_reg[257][6]
near_shape	PATH_17_211268	shape	{825.2680 274.4200} {825.3240 275.9960}					unrestricted	M4	eco_net_5992_u_input_fifo/n14440	detail_route		target_cell=u_input_fifo/fifo_buf_reg[257][6]
near_shape	PATH_15_226280	shape	{813.7160 269.2520} {821.0680 269.3080}					unrestricted	M3	n96553	detail_route		target_cell=u_input_fifo/fifo_buf_reg[257][6]
near_shape	PATH_15_226314	shape	{819.7960 274.1160} {822.2840 274.1720}					unrestricted	M3	n96577	detail_route		target_cell=u_input_fifo/fifo_buf_reg[257][6]
near_shape	PATH_13_229560	shape	{825.7240 274.4200} {825.7800 275.9960}					unrestricted	M2	u_input_fifo/fifo_buf[257][14]	detail_route		target_cell=u_input_fifo/fifo_buf_reg[257][6]
near_shape	PATH_13_229570	shape	{826.9400 274.4200} {826.9960 276.4520}					unrestricted	M2	u_input_fifo/fifo_buf[257][14]	detail_route		target_cell=u_input_fifo/fifo_buf_reg[257][6]
near_shape	PATH_15_236394	shape	{820.1000 273.2040} {821.0680 273.2600}					unrestricted	M3	n104953	detail_route		target_cell=u_input_fifo/fifo_buf_reg[257][6]
near_shape	PATH_13_237954	shape	{821.7720 268.0360} {821.8280 268.7000}					unrestricted	M2	u_input_fifo/fifo_buf[321][12]	detail_route		target_cell=u_input_fifo/fifo_buf_reg[257][6]
near_shape	PATH_13_237956	shape	{824.2020 268.4900} {824.2620 268.7020}					unrestricted	M2	u_input_fifo/fifo_buf[321][12]	detail_route		target_cell=u_input_fifo/fifo_buf_reg[257][6]
near_shape	PATH_13_237959	shape	{820.5560 272.2920} {821.0680 272.3480}					unrestricted	M2	u_input_fifo/fifo_buf[321][11]	detail_route		target_cell=u_input_fifo/fifo_buf_reg[257][6]
near_shape	PATH_13_237994	shape	{829.2200 272.2920} {829.2760 276.4520}					unrestricted	M2	u_input_fifo/fifo_buf[321][6]	detail_route		target_cell=u_input_fifo/fifo_buf_reg[257][6]
near_shape	PATH_15_285666	shape	{817.8200 270.4680} {823.6520 270.5240}					unrestricted	M3	n98303	detail_route		target_cell=u_input_fifo/fifo_buf_reg[257][6]
near_shape	PATH_15_292799	shape	{820.8600 273.5080} {821.3720 273.5640}					unrestricted	M3	n104931	detail_route		target_cell=u_input_fifo/fifo_buf_reg[257][6]
near_shape	PATH_15_319669	shape	{827.5480 268.6440} {827.9080 268.7000}					unrestricted	M3	n129023	detail_route		target_cell=u_input_fifo/fifo_buf_reg[257][6]
near_shape	PATH_15_353850	shape	{827.0920 271.3800} {834.4440 271.4360}					unrestricted	M3	n133978	detail_route		target_cell=u_input_fifo/fifo_buf_reg[257][6]
near_shape	PATH_15_480150	shape	{822.0760 273.5080} {839.3080 273.5640}					unrestricted	M3	ZBUF_2_870	detail_route		target_cell=u_input_fifo/fifo_buf_reg[257][6]
near_shape	PATH_13_504223	shape	{821.0120 269.2520} {821.0680 272.1960}					unrestricted	M2	n96553	detail_route		target_cell=u_input_fifo/fifo_buf_reg[257][6]
near_shape	PATH_13_504224	shape	{821.0120 272.1400} {821.2200 272.1960}					unrestricted	M2	n96553	detail_route		target_cell=u_input_fifo/fifo_buf_reg[257][6]
near_shape	PATH_13_525676	shape	{821.0100 273.0200} {821.0700 273.2620}					unrestricted	M2	n104953	detail_route		target_cell=u_input_fifo/fifo_buf_reg[257][6]
near_shape	PATH_15_541322	shape	{816.9080 271.9880} {821.2200 272.0440}					unrestricted	M3	ZBUF_2_630	detail_route		target_cell=u_input_fifo/fifo_buf_reg[257][6]
near_shape	PATH_15_541479	shape	{771.1560 271.6840} {821.8280 271.7400}					unrestricted	M3	ZBUF_2_755	detail_route		target_cell=u_input_fifo/fifo_buf_reg[257][6]
near_shape	PATH_13_574616	shape	{821.4680 263.9320} {821.5240 294.2360}					unrestricted	M2	n93428	detail_route		target_cell=u_input_fifo/fifo_buf_reg[257][6]
near_shape	PATH_13_576235	shape	{821.3160 266.0600} {821.3720 275.0840}					unrestricted	M2	n94116	detail_route		target_cell=u_input_fifo/fifo_buf_reg[257][6]
near_shape	PATH_13_580816	shape	{821.6200 273.2040} {821.6760 279.1880}					unrestricted	M2	n96552	detail_route		target_cell=u_input_fifo/fifo_buf_reg[257][6]
near_shape	PATH_13_586815	shape	{826.0280 270.6200} {826.0840 282.9880}					unrestricted	M2	n99927	detail_route		target_cell=u_input_fifo/fifo_buf_reg[257][6]
near_shape	PATH_13_589530	shape	{827.2440 268.6440} {827.3000 270.3720}					unrestricted	M2	n101423	detail_route		target_cell=u_input_fifo/fifo_buf_reg[257][6]
near_shape	PATH_13_589534	shape	{827.0920 273.3560} {827.1480 278.7320}					unrestricted	M2	n101423	detail_route		target_cell=u_input_fifo/fifo_buf_reg[257][6]
near_shape	PATH_13_589549	shape	{824.9640 264.9960} {825.0200 281.6200}					unrestricted	M2	n101424	detail_route		target_cell=u_input_fifo/fifo_buf_reg[257][6]
near_shape	PATH_13_589632	shape	{822.9880 265.3000} {823.0440 271.1320}					unrestricted	M2	n101449	detail_route		target_cell=u_input_fifo/fifo_buf_reg[257][6]
near_shape	PATH_13_593877	shape	{824.8120 267.8840} {824.8680 270.5240}					unrestricted	M2	n103431	detail_route		target_cell=u_input_fifo/fifo_buf_reg[257][6]
near_shape	PATH_13_593884	shape	{824.6600 270.4680} {824.7160 277.5160}					unrestricted	M2	n103431	detail_route		target_cell=u_input_fifo/fifo_buf_reg[257][6]
near_shape	PATH_13_593903	shape	{826.1800 261.9560} {826.2360 302.4440}					unrestricted	M2	n103432	detail_route		target_cell=u_input_fifo/fifo_buf_reg[257][6]
near_shape	PATH_13_595473	shape	{822.6840 260.1320} {822.7400 286.3320}					unrestricted	M2	n104115	detail_route		target_cell=u_input_fifo/fifo_buf_reg[257][6]
near_shape	PATH_15_607495	shape	{822.2280 271.9880} {837.9400 272.0440}					unrestricted	M3	ZBUF_646_2059	detail_route		target_cell=u_input_fifo/fifo_buf_reg[257][6]
near_shape	PATH_15_609167	shape	{820.8600 270.1640} {821.2200 270.2200}					unrestricted	M3	ZBUF_1177_2067	detail_route		target_cell=u_input_fifo/fifo_buf_reg[257][6]
near_shape	PATH_15_647732	shape	{828.7640 268.9480} {829.7320 269.0040}					unrestricted	M3	ZBUF_624_2793	detail_route		target_cell=u_input_fifo/fifo_buf_reg[257][6]
near_shape	PATH_15_647774	shape	{820.7080 268.9480} {821.6760 269.0040}					unrestricted	M3	ZBUF_954_2793	detail_route		target_cell=u_input_fifo/fifo_buf_reg[257][6]
near_shape	PATH_13_649284	shape	{826.7880 267.1240} {826.8440 270.2200}					unrestricted	M2	n128935	detail_route		target_cell=u_input_fifo/fifo_buf_reg[257][6]
near_shape	PATH_13_649897	shape	{823.7480 267.7320} {823.8040 280.2520}					unrestricted	M2	n128985	detail_route		target_cell=u_input_fifo/fifo_buf_reg[257][6]
near_shape	PATH_13_650391	shape	{827.5460 268.4900} {827.6060 268.7020}					unrestricted	M2	n129023	detail_route		target_cell=u_input_fifo/fifo_buf_reg[257][6]
near_shape	PATH_13_650392	shape	{827.8520 268.6440} {827.9080 289.6760}					unrestricted	M2	n129023	detail_route		target_cell=u_input_fifo/fifo_buf_reg[257][6]
near_shape	PATH_15_664015	shape	{816.7560 272.2920} {823.8040 272.3480}					unrestricted	M3	ZBUF_642_2947	detail_route		target_cell=u_input_fifo/fifo_buf_reg[257][6]
near_shape	PATH_15_666116	shape	{827.5480 272.5960} {830.6440 272.6520}					unrestricted	M3	ZBUF_671_2964	detail_route		target_cell=u_input_fifo/fifo_buf_reg[257][6]
near_shape	PATH_15_666119	shape	{829.3720 272.9000} {833.3800 272.9560}					unrestricted	M3	ZBUF_671_2964	detail_route		target_cell=u_input_fifo/fifo_buf_reg[257][6]
near_shape	PATH_15_693020	shape	{817.9720 271.0760} {822.1320 271.1320}					unrestricted	M3	ZBUF_1032_3099	detail_route		target_cell=u_input_fifo/fifo_buf_reg[257][6]
near_shape	PATH_15_719038	shape	{810.3720 269.5560} {833.9880 269.6120}					unrestricted	M3	ZBUF_12_3296	detail_route		target_cell=u_input_fifo/fifo_buf_reg[257][6]
near_shape	PATH_13_726437	shape	{821.9240 268.0360} {821.9800 271.7400}					unrestricted	M2	n135070	detail_route		target_cell=u_input_fifo/fifo_buf_reg[257][6]
near_shape	PATH_13_726438	shape	{824.8120 273.3560} {824.8680 276.6040}					unrestricted	M2	n135070	detail_route		target_cell=u_input_fifo/fifo_buf_reg[257][6]
near_shape	PATH_13_726444	shape	{826.3320 273.3560} {826.3880 276.6040}					unrestricted	M2	n135070	detail_route		target_cell=u_input_fifo/fifo_buf_reg[257][6]
near_shape	PATH_13_727378	shape	{828.6120 272.2920} {828.6680 276.9080}					unrestricted	M2	n135102	detail_route		target_cell=u_input_fifo/fifo_buf_reg[257][6]
near_shape	PATH_15_732453	shape	{824.6600 268.6440} {826.0840 268.7000}					unrestricted	M3	ZBUF_1109_3383	detail_route		target_cell=u_input_fifo/fifo_buf_reg[257][6]
near_shape	PATH_15_742289	shape	{792.5880 271.3800} {822.4360 271.4360}					unrestricted	M3	ZBUF_17_3443	detail_route		target_cell=u_input_fifo/fifo_buf_reg[257][6]
near_shape	PATH_13_981004	shape	{821.1640 268.3400} {821.2200 272.0440}					unrestricted	M2	ZBUF_2_630	detail_route		target_cell=u_input_fifo/fifo_buf_reg[257][6]
near_shape	PATH_13_981173	shape	{826.4840 232.1640} {826.5400 311.5640}					unrestricted	M2	ZBUF_2_739	detail_route		target_cell=u_input_fifo/fifo_buf_reg[257][6]
near_shape	PATH_13_981264	shape	{825.2680 252.3800} {825.3240 276.4520}					unrestricted	M2	ZBUF_2_795	detail_route		target_cell=u_input_fifo/fifo_buf_reg[257][6]
near_shape	PATH_13_981288	shape	{827.7000 226.0840} {827.7560 300.3160}					unrestricted	M2	ZBUF_2_815	detail_route		target_cell=u_input_fifo/fifo_buf_reg[257][6]
near_shape	PATH_13_1016290	shape	{825.5720 265.3000} {825.6280 270.6760}					unrestricted	M2	ZBUF_753_1116	detail_route		target_cell=u_input_fifo/fifo_buf_reg[257][6]
near_shape	PATH_13_1088535	shape	{822.5320 269.8600} {822.5880 275.0840}					unrestricted	M2	ZBUF_1177_2067	detail_route		target_cell=u_input_fifo/fifo_buf_reg[257][6]
near_shape	PATH_13_1088540	shape	{823.9000 268.3400} {823.9560 269.9160}					unrestricted	M2	ZBUF_1177_2067	detail_route		target_cell=u_input_fifo/fifo_buf_reg[257][6]
near_shape	PATH_13_1147025	shape	{828.7640 268.9480} {828.8200 275.6920}					unrestricted	M2	ZBUF_624_2793	detail_route		target_cell=u_input_fifo/fifo_buf_reg[257][6]
near_shape	PATH_13_1175046	shape	{829.3720 266.6680} {829.4280 269.1560}					unrestricted	M2	ZBUF_671_2964	detail_route		target_cell=u_input_fifo/fifo_buf_reg[257][6]
near_shape	PATH_13_1175047	shape	{829.3720 269.1000} {829.5800 269.1560}					unrestricted	M2	ZBUF_671_2964	detail_route		target_cell=u_input_fifo/fifo_buf_reg[257][6]
near_shape	PATH_13_1175048	shape	{829.5240 269.1000} {829.5800 272.9560}					unrestricted	M2	ZBUF_671_2964	detail_route		target_cell=u_input_fifo/fifo_buf_reg[257][6]
near_shape	PATH_13_1175049	shape	{829.3720 272.9000} {829.5800 272.9560}					unrestricted	M2	ZBUF_671_2964	detail_route		target_cell=u_input_fifo/fifo_buf_reg[257][6]
near_shape	PATH_13_1175052	shape	{829.3720 272.9000} {829.4280 276.9080}					unrestricted	M2	ZBUF_671_2964	detail_route		target_cell=u_input_fifo/fifo_buf_reg[257][6]
near_shape	PATH_13_1218733	shape	{828.9160 273.2040} {828.9720 276.3000}					unrestricted	M2	ZBUF_1032_3099	detail_route		target_cell=u_input_fifo/fifo_buf_reg[257][6]
near_shape	PATH_13_1233242	shape	{829.0680 262.8680} {829.1240 275.9960}					unrestricted	M2	ZBUF_510_3152	detail_route		target_cell=u_input_fifo/fifo_buf_reg[257][6]
near_shape	PATH_13_1246820	shape	{823.4440 268.0360} {823.5000 272.9560}					unrestricted	M2	ZBUF_779_3213	detail_route		target_cell=u_input_fifo/fifo_buf_reg[257][6]
near_shape	PATH_13_1246826	shape	{822.8360 268.0360} {822.8920 269.0040}					unrestricted	M2	ZBUF_779_3213	detail_route		target_cell=u_input_fifo/fifo_buf_reg[257][6]
near_shape	PATH_13_1246829	shape	{824.0520 273.2040} {824.1080 275.0840}					unrestricted	M2	ZBUF_779_3213	detail_route		target_cell=u_input_fifo/fifo_buf_reg[257][6]
near_shape	PATH_13_1246835	shape	{824.5080 273.2040} {824.5640 276.3000}					unrestricted	M2	ZBUF_779_3213	detail_route		target_cell=u_input_fifo/fifo_buf_reg[257][6]
near_shape	PATH_13_1246836	shape	{825.8760 273.2040} {825.9320 276.3000}					unrestricted	M2	ZBUF_779_3213	detail_route		target_cell=u_input_fifo/fifo_buf_reg[257][6]
near_shape	PATH_13_1283875	shape	{823.1400 265.1480} {823.1960 269.3080}					unrestricted	M2	ZBUF_1109_3383	detail_route		target_cell=u_input_fifo/fifo_buf_reg[257][6]
near_shape	PATH_13_1283880	shape	{823.1400 269.2520} {823.1960 275.6920}					unrestricted	M2	ZBUF_1109_3383	detail_route		target_cell=u_input_fifo/fifo_buf_reg[257][6]
near_shape	PATH_13_1283889	shape	{824.6600 268.6440} {824.7160 269.3080}					unrestricted	M2	ZBUF_1109_3383	detail_route		target_cell=u_input_fifo/fifo_buf_reg[257][6]
near_shape	PATH_13_1283890	shape	{826.0280 268.6440} {826.0840 269.0040}					unrestricted	M2	ZBUF_1109_3383	detail_route		target_cell=u_input_fifo/fifo_buf_reg[257][6]
near_shape	PATH_13_1298209	shape	{822.5320 268.0360} {822.5880 269.4600}					unrestricted	M2	ZBUF_17_3443	detail_route		target_cell=u_input_fifo/fifo_buf_reg[257][6]
near_shape	PATH_13_1303889	shape	{827.3960 267.2760} {827.4520 270.2200}					unrestricted	M2	ZBUF_141_3454	detail_route		target_cell=u_input_fifo/fifo_buf_reg[257][6]
near_shape	PATH_13_1307617	shape	{824.3560 269.4040} {824.4120 276.9080}					unrestricted	M2	ZBUF_185_3462	detail_route		target_cell=u_input_fifo/fifo_buf_reg[257][6]
near_shape	PATH_13_1307618	shape	{825.1160 225.6280} {825.1720 269.3080}					unrestricted	M2	ZBUF_185_3462	detail_route		target_cell=u_input_fifo/fifo_buf_reg[257][6]
near_shape	PATH_13_1322636	shape	{823.4440 274.4200} {823.5000 276.4520}					unrestricted	M2	eco_net_5992_u_input_fifo/n14440	detail_route		target_cell=u_input_fifo/fifo_buf_reg[257][6]
near_shape	PATH_13_1326564	shape	{823.9000 271.3800} {823.9560 275.9960}					unrestricted	M2	eco_net_7764_u_input_fifo/n14442	detail_route		target_cell=u_input_fifo/fifo_buf_reg[257][6]
near_via	VIA_S_255427	via	{828.8890 268.6170} {828.9990 268.7270}			828.9440 268.6720	R0	unrestricted		u_input_fifo/n13266	detail_route	VIA34SQ_C	target_cell=u_input_fifo/fifo_buf_reg[257][6]
near_via	VIA_S_358504	via	{825.6970 274.3930} {825.8070 274.5030}			825.7520 274.4480	R90	unrestricted		u_input_fifo/fifo_buf[257][14]	detail_route	VIA23SQ_C	target_cell=u_input_fifo/fifo_buf_reg[257][6]
near_via	VIA_S_358547	via	{826.9130 274.3930} {827.0230 274.5030}			826.9680 274.4480	R90	unrestricted		u_input_fifo/fifo_buf[257][14]	detail_route	VIA23SQ_C	target_cell=u_input_fifo/fifo_buf_reg[257][6]
near_via	VIA_S_374367	via	{821.7450 268.6170} {821.8550 268.7270}			821.8000 268.6720	R90	unrestricted		u_input_fifo/fifo_buf[321][12]	detail_route	VIA23SQ_C	target_cell=u_input_fifo/fifo_buf_reg[257][6]
near_via	VIA_S_374369	via	{824.1770 268.6170} {824.2870 268.7270}			824.2320 268.6720	R90	unrestricted		u_input_fifo/fifo_buf[321][12]	detail_route	VIA23SQ_C	target_cell=u_input_fifo/fifo_buf_reg[257][6]
near_via	VIA_S_374373	via	{820.9850 272.2650} {821.0950 272.3750}			821.0400 272.3200	R0	unrestricted		u_input_fifo/fifo_buf[321][11]	detail_route	VIA12SQ_C	target_cell=u_input_fifo/fifo_buf_reg[257][6]
near_via	VIA_S_782208	via	{820.9850 269.2250} {821.0950 269.3350}			821.0400 269.2800	R90	unrestricted		n96553	detail_route	VIA23SQ_C	target_cell=u_input_fifo/fifo_buf_reg[257][6]
near_via	VIA_S_817897	via	{820.9850 273.1770} {821.0950 273.2870}			821.0400 273.2320	R0	unrestricted		n104953	detail_route	VIA12SQ_C	target_cell=u_input_fifo/fifo_buf_reg[257][6]
near_via	VIA_S_817898	via	{820.9850 273.1770} {821.0950 273.2870}			821.0400 273.2320	R90	unrestricted		n104953	detail_route	VIA23SQ_C	target_cell=u_input_fifo/fifo_buf_reg[257][6]
near_via	VIA_S_913068	via	{827.2170 268.6170} {827.3270 268.7270}			827.2720 268.6720	R0	unrestricted		n101423	detail_route	VIA12SQ_C	target_cell=u_input_fifo/fifo_buf_reg[257][6]
near_via	VIA_S_1016550	via	{827.5210 268.6170} {827.6310 268.7270}			827.5760 268.6720	R90	unrestricted		n129023	detail_route	VIA23SQ_C	target_cell=u_input_fifo/fifo_buf_reg[257][6]
near_via	VIA_S_1016551	via	{827.8250 268.6170} {827.9350 268.7270}			827.8800 268.6720	R90	unrestricted		n129023	detail_route	VIA23SQ_C	target_cell=u_input_fifo/fifo_buf_reg[257][6]
near_via	VIA_S_2130108	via	{824.6330 268.6170} {824.7430 268.7270}			824.6880 268.6720	R90	unrestricted		ZBUF_1109_3383	detail_route	VIA23SQ_C	target_cell=u_input_fifo/fifo_buf_reg[257][6]
near_via	VIA_S_2130109	via	{826.0010 268.6170} {826.1110 268.7270}			826.0560 268.6720	R90	unrestricted		ZBUF_1109_3383	detail_route	VIA23SQ_C	target_cell=u_input_fifo/fifo_buf_reg[257][6]
near_via	VIA_S_2207369	via	{825.2410 274.3930} {825.3510 274.5030}			825.2960 274.4480	R0	unrestricted		eco_net_5992_u_input_fifo/n14440	detail_route	VIA34SQ_C	target_cell=u_input_fifo/fifo_buf_reg[257][6]
near_via	VIA_S_2207370	via	{823.4170 274.3930} {823.5270 274.5030}			823.4720 274.4480	R90	unrestricted		eco_net_5992_u_input_fifo/n14440	detail_route	VIA23SQ_C	target_cell=u_input_fifo/fifo_buf_reg[257][6]
cell	ZBUF_753_inst_7400	cell	{828.3730 140.2830} {830.8830 142.0860}	NBUFFX8_RVT	_sel241	828.4880 142.0560	MX	placed					
cell_pin	ZBUF_753_inst_7400/A	pin	{828.7370 141.2410} {829.0760 141.3960}					placed	M1 CO	n130744			cell=ZBUF_753_inst_7400
cell_pin	ZBUF_753_inst_7400/Y	pin	{829.2230 140.4910} {830.6710 141.9400}					placed	M1 CO	ZBUF_753_1116			cell=ZBUF_753_inst_7400
cell_pin	ZBUF_753_inst_7400/VDD	pin	{828.4880 140.3540} {830.7680 141.0640}					placed	M1 CO	VDD			cell=ZBUF_753_inst_7400
cell_pin	ZBUF_753_inst_7400/VSS	pin	{828.4880 141.6460} {830.7680 142.0860}					placed	M1 CO	VSS			cell=ZBUF_753_inst_7400
near_cell	u_input_fifo/fifo_buf_reg[665][7]	cell	{823.9650 142.0260} {828.4510 143.8290}	DFFARX1_RVT	_sel250	824.0800 142.0560	R0	placed					target_cell=ZBUF_753_inst_7400
near_cell	U110487	cell	{828.3730 143.6270} {829.8190 145.4300}	NAND4X0_RVT	_sel251	828.4880 145.4000	MX	placed					target_cell=ZBUF_753_inst_7400
near_cell	U110551	cell	{826.0930 136.9390} {828.1470 138.7420}	NOR4X1_RVT	_sel252	826.2080 138.7120	MX	placed					target_cell=ZBUF_753_inst_7400
near_cell	U111172	cell	{827.1570 143.6270} {828.6030 145.4300}	NAND4X0_RVT	_sel253	827.2720 145.4000	MX	placed					target_cell=ZBUF_753_inst_7400
near_cell	U112177	cell	{832.4770 138.6820} {834.5310 140.4850}	NOR4X1_RVT	_sel254	832.5920 138.7120	R0	placed					target_cell=ZBUF_753_inst_7400
near_cell	U116044	cell	{825.3330 143.6270} {827.3870 145.4300}	NOR4X1_RVT	_sel255	825.4480 145.4000	MX	placed					target_cell=ZBUF_753_inst_7400
near_cell	U116050	cell	{829.8930 143.6270} {831.3390 145.4300}	NAND4X0_RVT	_sel256	830.0080 145.4000	MX	placed					target_cell=ZBUF_753_inst_7400
near_cell	U120243	cell	{832.1730 143.6270} {833.6190 145.4300}	NAND4X0_RVT	_sel257	832.2880 145.4000	MX	placed					target_cell=ZBUF_753_inst_7400
near_cell	U120928	cell	{831.7170 140.2830} {833.1630 142.0860}	NAND4X0_RVT	_sel258	831.8320 142.0560	MX	placed					target_cell=ZBUF_753_inst_7400
near_cell	U34958	cell	{827.9170 136.9390} {829.9710 138.7420}	INVX8_RVT	_sel259	828.0320 138.7120	MX	placed					target_cell=ZBUF_753_inst_7400
near_cell	U38662	cell	{832.0210 136.9390} {833.0110 138.7420}	INVX0_RVT	_sel260	832.1360 138.7120	MX	placed					target_cell=ZBUF_753_inst_7400
near_cell	U128531	cell	{831.1090 143.6270} {832.0990 145.4300}	INVX0_RVT	_sel261	831.2240 145.4000	MX	placed					target_cell=ZBUF_753_inst_7400
near_cell	ZBUF_635_inst_15902	cell	{829.7410 136.9390} {832.2510 138.7420}	NBUFFX8_RVT	_sel262	829.8560 138.7120	MX	placed					target_cell=ZBUF_753_inst_7400
near_cell	ZBUF_624_inst_18058	cell	{826.0930 140.2830} {828.6030 142.0860}	NBUFFX8_RVT	_sel263	826.2080 142.0560	MX	placed					target_cell=ZBUF_753_inst_7400
near_pin	u_input_fifo/fifo_buf_reg[665][7]/RSTB	pin	{825.8030 142.1500} {826.9330 142.2790}					placed	M1 CO	n130253			target_cell=ZBUF_753_inst_7400
near_pin	u_input_fifo/fifo_buf_reg[665][7]/VDD	pin	{824.0800 143.0030} {828.3360 143.7580}					placed	M1 CO	VDD			target_cell=ZBUF_753_inst_7400
near_pin	u_input_fifo/fifo_buf_reg[665][7]/VSS	pin	{824.0800 142.0260} {828.3360 142.5170}					placed	M1 CO	VSS			target_cell=ZBUF_753_inst_7400
near_pin	U110487/Y	pin	{828.7670 143.8490} {829.4650 145.2790}					placed	M1 CO	n94653			target_cell=ZBUF_753_inst_7400
near_pin	U110487/VDD	pin	{828.4880 143.6980} {829.7040 144.2070}					placed	M1 CO	VDD			target_cell=ZBUF_753_inst_7400
near_pin	U110551/Y	pin	{827.7030 137.1810} {827.9350 138.5840}					placed	M1 CO	n94654			target_cell=ZBUF_753_inst_7400
near_pin	U110551/VSS	pin	{826.2080 138.3160} {828.0320 138.7420}					placed	M1 CO	VSS			target_cell=ZBUF_753_inst_7400
near_pin	U111172/Y	pin	{827.5510 143.8490} {828.2490 145.2790}					placed	M1 CO	n95337			target_cell=ZBUF_753_inst_7400
near_pin	U111172/VDD	pin	{827.2720 143.6980} {828.4880 144.2070}					placed	M1 CO	VDD			target_cell=ZBUF_753_inst_7400
near_pin	U112177/A1	pin	{832.8410 139.2630} {832.9970 139.4590}					placed	M1 CO	n96149			target_cell=ZBUF_753_inst_7400
near_pin	U112177/VDD	pin	{832.5920 139.6220} {834.4160 140.4140}					placed	M1 CO	VDD			target_cell=ZBUF_753_inst_7400
near_pin	U112177/VSS	pin	{832.5920 138.6820} {834.4160 139.1080}					placed	M1 CO	VSS			target_cell=ZBUF_753_inst_7400
near_pin	U116044/Y	pin	{826.9430 143.8690} {827.1750 145.2720}					placed	M1 CO	n100143			target_cell=ZBUF_753_inst_7400
near_pin	U116044/VDD	pin	{825.4480 143.6980} {827.2720 144.4900}					placed	M1 CO	VDD			target_cell=ZBUF_753_inst_7400
near_pin	U116050/Y	pin	{830.2870 143.8490} {830.9850 145.2790}					placed	M1 CO	n100209			target_cell=ZBUF_753_inst_7400
near_pin	U116050/VDD	pin	{830.0080 143.6980} {831.2240 144.2070}					placed	M1 CO	VDD			target_cell=ZBUF_753_inst_7400
near_pin	U120243/Y	pin	{832.5670 143.8490} {833.2650 145.2790}					placed	M1 CO	n104525			target_cell=ZBUF_753_inst_7400
near_pin	U120243/VDD	pin	{832.2880 143.6980} {833.5040 144.2070}					placed	M1 CO	VDD			target_cell=ZBUF_753_inst_7400
near_pin	U120928/VDD	pin	{831.8320 140.3540} {833.0480 140.8630}					placed	M1 CO	VDD			target_cell=ZBUF_753_inst_7400
near_pin	U120928/VSS	pin	{831.8320 141.4850} {833.0480 142.0860}					placed	M1 CO	VSS			target_cell=ZBUF_753_inst_7400
near_pin	U34958/Y	pin	{828.3110 137.1470} {829.7590 138.5960}					placed	M1 CO	n130253			target_cell=ZBUF_753_inst_7400
near_pin	U38662/Y	pin	{832.5670 137.4240} {832.7990 138.4070}					placed	M1 CO	n130562			target_cell=ZBUF_753_inst_7400
near_pin	U38662/VSS	pin	{832.1360 138.1480} {832.8960 138.7420}					placed	M1 CO	VSS			target_cell=ZBUF_753_inst_7400
near_pin	U128531/VDD	pin	{831.2240 143.6980} {831.9840 144.4720}					placed	M1 CO	VDD			target_cell=ZBUF_753_inst_7400
near_pin	ZBUF_635_inst_15902/Y	pin	{830.5910 137.1470} {832.0390 138.5960}					placed	M1 CO	ZBUF_635_2552			target_cell=ZBUF_753_inst_7400
near_pin	ZBUF_624_inst_18058/VDD	pin	{826.2080 140.3540} {828.4880 141.0640}					placed	M1 CO	VDD			target_cell=ZBUF_753_inst_7400
near_pin	ZBUF_624_inst_18058/VSS	pin	{826.2080 141.6460} {828.4880 142.0860}					placed	M1 CO	VSS			target_cell=ZBUF_753_inst_7400
near_shape	PATH_11_71	shape	{20.0000 138.6820} {1189.3360 138.7420}					unrestricted	M1	VSS	lib_cell_pin_connect		target_cell=ZBUF_753_inst_7400
near_shape	PATH_11_72	shape	{20.0000 140.3540} {1189.3360 140.4140}					unrestricted	M1	VDD	lib_cell_pin_connect		target_cell=ZBUF_753_inst_7400
near_shape	PATH_11_73	shape	{20.0000 142.0260} {1189.3360 142.0860}					unrestricted	M1	VSS	lib_cell_pin_connect		target_cell=ZBUF_753_inst_7400
near_shape	PATH_11_74	shape	{20.0000 143.6980} {1189.3360 143.7580}					unrestricted	M1	VDD	lib_cell_pin_connect		target_cell=ZBUF_753_inst_7400
near_shape	PATH_25_667	shape	{827.3960 117.2520} {827.4520 180.5400}					unrestricted	M8	ZBUF_2_1885	detail_route		target_cell=ZBUF_753_inst_7400
near_shape	PATH_25_668	shape	{831.0440 119.6840} {831.1000 158.6520}					unrestricted	M8	ZBUF_2_1896	detail_route		target_cell=ZBUF_753_inst_7400
near_shape	PATH_23_2102	shape	{820.7080 144.0040} {837.7880 144.0600}					unrestricted	M7	n129283	detail_route		target_cell=ZBUF_753_inst_7400
near_shape	PATH_21_2653	shape	{832.2600 118.4680} {832.3160 140.4120}					unrestricted	M6	n102581	detail_route		target_cell=ZBUF_753_inst_7400
near_shape	PATH_21_4334	shape	{830.4360 135.4920} {830.4920 140.4120}					unrestricted	M6	n100957	detail_route		target_cell=ZBUF_753_inst_7400
near_shape	PATH_23_6146	shape	{740.4520 141.5720} {835.3560 141.6280}					unrestricted	M7	ZBUF_2_1419	detail_route		target_cell=ZBUF_753_inst_7400
near_shape	PATH_23_9402	shape	{814.6280 142.7880} {837.7880 142.8440}					unrestricted	M7	ZBUF_510_3192	detail_route		target_cell=ZBUF_753_inst_7400
near_shape	PATH_23_9907	shape	{820.7080 140.3560} {842.0440 140.4120}					unrestricted	M7	ZBUF_432_3424	detail_route		target_cell=ZBUF_753_inst_7400
near_shape	PATH_19_11532	shape	{812.5000 140.9640} {834.7480 141.0200}					unrestricted	M5	n106087	detail_route		target_cell=ZBUF_753_inst_7400
near_shape	PATH_21_13527	shape	{832.8680 127.5880} {832.9240 247.4200}					unrestricted	M6	ZBUF_2_885	detail_route		target_cell=ZBUF_753_inst_7400
near_shape	PATH_21_14912	shape	{829.8280 141.5720} {829.8840 213.3720}					unrestricted	M6	ZBUF_753_1116	detail_route		target_cell=ZBUF_753_inst_7400
near_shape	PATH_19_16228	shape	{818.5800 142.7880} {834.7480 142.8440}					unrestricted	M5	n93645	detail_route		target_cell=ZBUF_753_inst_7400
near_shape	PATH_19_16647	shape	{803.9880 139.7480} {828.6680 139.8040}					unrestricted	M5	n96895	detail_route		target_cell=ZBUF_753_inst_7400
near_shape	PATH_19_16735	shape	{831.3480 139.7480} {867.5800 139.8040}					unrestricted	M5	n97578	detail_route		target_cell=ZBUF_753_inst_7400
near_shape	PATH_19_17105	shape	{828.9160 143.3960} {874.8760 143.4520}					unrestricted	M5	n100954	detail_route		target_cell=ZBUF_753_inst_7400
near_shape	PATH_21_17123	shape	{826.7880 118.4680} {826.8440 173.8520}					unrestricted	M6	ZBUF_2_1890	detail_route		target_cell=ZBUF_753_inst_7400
near_shape	PATH_21_17130	shape	{828.6120 124.5480} {828.6680 157.4360}					unrestricted	M6	ZBUF_2_1897	detail_route		target_cell=ZBUF_753_inst_7400
near_shape	PATH_21_18810	shape	{831.0440 122.1160} {831.1000 262.6200}					unrestricted	M6	ZBUF_2_2464	detail_route		target_cell=ZBUF_753_inst_7400
near_shape	PATH_21_18812	shape	{829.2200 126.3720} {829.2760 242.5560}					unrestricted	M6	ZBUF_2_2467	detail_route		target_cell=ZBUF_753_inst_7400
near_shape	PATH_17_27928	shape	{831.9560 124.5480} {832.0120 139.1960}					unrestricted	M4	n101897	detail_route		target_cell=ZBUF_753_inst_7400
near_shape	PATH_17_29146	shape	{832.5640 128.1960} {832.6200 174.7640}					unrestricted	M4	n104526	detail_route		target_cell=ZBUF_753_inst_7400
near_shape	PATH_17_46176	shape	{827.0920 36.0840} {827.1480 139.5000}					unrestricted	M4	n101888	detail_route		target_cell=ZBUF_753_inst_7400
near_shape	PATH_17_46447	shape	{831.3480 144.0040} {831.4040 145.2760}					unrestricted	M4	n102578	detail_route		target_cell=ZBUF_753_inst_7400
near_shape	PATH_17_47319	shape	{832.2600 141.8760} {832.3160 148.3160}					unrestricted	M4	n105142	detail_route		target_cell=ZBUF_753_inst_7400
near_shape	PATH_17_56991	shape	{829.8280 137.9240} {829.8840 139.1960}					unrestricted	M4	n130253	detail_route		target_cell=ZBUF_753_inst_7400
near_shape	PATH_19_70346	shape	{824.6600 138.5320} {832.9240 138.5880}					unrestricted	M5	ZBUF_950_154	detail_route		target_cell=ZBUF_753_inst_7400
near_shape	PATH_19_71570	shape	{741.6680 142.1800} {828.6680 142.2360}					unrestricted	M5	ZBUF_2_1427	detail_route		target_cell=ZBUF_753_inst_7400
near_shape	PATH_19_80385	shape	{822.5320 144.0040} {832.0120 144.0600}					unrestricted	M5	ZBUF_2287_1973	detail_route		target_cell=ZBUF_753_inst_7400
near_shape	PATH_17_86286	shape	{831.6520 137.3160} {831.7080 144.9720}					unrestricted	M4	n149651	detail_route		target_cell=ZBUF_753_inst_7400
near_shape	PATH_11_93382	shape	{827.8500 138.2260} {828.0620 138.2860}					unrestricted	M1	n94654	detail_route		target_cell=ZBUF_753_inst_7400
near_shape	PATH_11_105947	shape	{826.1830 141.2710} {826.5370 141.3210}					unrestricted	M1	n129756	detail_route		target_cell=ZBUF_753_inst_7400
near_shape	PATH_17_111822	shape	{830.4360 130.6280} {830.4920 144.6680}					unrestricted	M4	ZCTSNET_509	detail_route		target_cell=ZBUF_753_inst_7400
near_shape	PATH_17_153022	shape	{832.8680 132.4520} {832.9240 138.5880}					unrestricted	M4	ZBUF_950_154	detail_route		target_cell=ZBUF_753_inst_7400
near_shape	PATH_17_154642	shape	{829.8280 144.0040} {829.8840 146.4920}					unrestricted	M4	ZBUF_2_501	detail_route		target_cell=ZBUF_753_inst_7400
near_shape	PATH_17_155888	shape	{830.1320 137.0120} {830.1880 141.9320}					unrestricted	M4	ZBUF_2_887	detail_route		target_cell=ZBUF_753_inst_7400
near_shape	PATH_17_159172	shape	{830.7400 135.1880} {830.7960 256.2360}					unrestricted	M4	ZBUF_2_2470	detail_route		target_cell=ZBUF_753_inst_7400
near_shape	PATH_17_168350	shape	{829.5240 64.3560} {829.5800 176.8920}					unrestricted	M4	ZBUF_1314_1672	detail_route		target_cell=ZBUF_753_inst_7400
near_shape	PATH_17_169093	shape	{828.0040 127.2840} {828.0600 169.5960}					unrestricted	M4	ZBUF_2_1763	detail_route		target_cell=ZBUF_753_inst_7400
near_shape	PATH_15_169363	shape	{819.0360 143.0920} {827.7560 143.1480}					unrestricted	M3	u_input_fifo/fifo_buf[665][7]	detail_route		target_cell=ZBUF_753_inst_7400
near_shape	PATH_17_179422	shape	{832.2600 127.5880} {832.3160 138.5880}					unrestricted	M4	ZBUF_635_2552	detail_route		target_cell=ZBUF_753_inst_7400
near_shape	PATH_17_184654	shape	{828.3080 143.0920} {828.3640 150.1400}					unrestricted	M4	ZBUF_624_2793	detail_route		target_cell=ZBUF_753_inst_7400
near_shape	PATH_15_225620	shape	{815.0840 141.2680} {833.5320 141.3240}					unrestricted	M3	n96083	detail_route		target_cell=ZBUF_753_inst_7400
near_shape	PATH_15_225726	shape	{832.8680 140.3560} {833.9880 140.4120}					unrestricted	M3	n96149	detail_route		target_cell=ZBUF_753_inst_7400
near_shape	PATH_15_227552	shape	{815.5400 139.1400} {830.3400 139.1960}					unrestricted	M3	n97579	detail_route		target_cell=ZBUF_753_inst_7400
near_shape	PATH_15_228522	shape	{813.4120 138.2280} {834.9000 138.2840}					unrestricted	M3	n98519	detail_route		target_cell=ZBUF_753_inst_7400
near_shape	PATH_15_232474	shape	{825.8760 138.8360} {826.8440 138.8920}					unrestricted	M3	n101889	detail_route		target_cell=ZBUF_753_inst_7400
near_shape	PATH_15_234740	shape	{822.2280 140.6600} {834.2920 140.7160}					unrestricted	M3	n103647	detail_route		target_cell=ZBUF_753_inst_7400
near_shape	PATH_15_236681	shape	{811.4360 141.5720} {831.8600 141.6280}					unrestricted	M3	n105143	detail_route		target_cell=ZBUF_753_inst_7400
near_shape	PATH_15_282235	shape	{826.3320 143.3960} {828.2120 143.4520}					unrestricted	M3	n94653	detail_route		target_cell=ZBUF_753_inst_7400
near_shape	PATH_15_286522	shape	{823.9000 142.4840} {833.0760 142.5400}					unrestricted	M3	n99459	detail_route		target_cell=ZBUF_753_inst_7400
near_shape	PATH_15_288823	shape	{822.5320 141.8760} {829.2760 141.9320}					unrestricted	M3	n100955	detail_route		target_cell=ZBUF_753_inst_7400
near_shape	PATH_15_289938	shape	{831.6520 139.7480} {833.0760 139.8040}					unrestricted	M3	n101894	detail_route		target_cell=ZBUF_753_inst_7400
near_shape	PATH_15_292336	shape	{825.5720 143.7000} {832.1640 143.7560}					unrestricted	M3	n104459	detail_route		target_cell=ZBUF_753_inst_7400
near_shape	PATH_15_292996	shape	{832.5640 141.5720} {833.2280 141.6280}					unrestricted	M3	n105145	detail_route		target_cell=ZBUF_753_inst_7400
near_shape	PATH_15_323540	shape	{822.9880 142.7880} {828.3640 142.8440}					unrestricted	M3	n129360	detail_route		target_cell=ZBUF_753_inst_7400
near_shape	PATH_15_326097	shape	{826.1800 142.1800} {828.5160 142.2360}					unrestricted	M3	n129756	detail_route		target_cell=ZBUF_753_inst_7400
near_shape	PATH_15_328614	shape	{825.8760 140.9640} {826.5400 141.0200}					unrestricted	M3	n130253	detail_route		target_cell=ZBUF_753_inst_7400
near_shape	PATH_13_503037	shape	{832.8680 139.2920} {832.9240 140.4120}					unrestricted	M2	n96149	detail_route		target_cell=ZBUF_753_inst_7400
near_shape	PATH_13_506933	shape	{830.5880 137.0120} {830.6440 139.6520}					unrestricted	M2	n97581	detail_route		target_cell=ZBUF_753_inst_7400
near_shape	PATH_13_517389	shape	{827.3960 139.4440} {827.4520 178.4120}					unrestricted	M2	n101886	detail_route		target_cell=ZBUF_753_inst_7400
near_shape	PATH_13_519449	shape	{831.1960 142.9400} {831.2520 147.4040}					unrestricted	M2	n102579	detail_route		target_cell=ZBUF_753_inst_7400
near_shape	PATH_13_526425	shape	{832.5640 130.3240} {832.6200 140.4120}					unrestricted	M2	n105209	detail_route		target_cell=ZBUF_753_inst_7400
near_shape	PATH_15_563523	shape	{832.2600 140.9640} {833.5320 141.0200}					unrestricted	M3	ZBUF_753_1116	detail_route		target_cell=ZBUF_753_inst_7400
near_shape	PATH_13_576867	shape	{826.3320 138.0760} {826.3880 143.4520}					unrestricted	M2	n94653	detail_route		target_cell=ZBUF_753_inst_7400
near_shape	PATH_13_576868	shape	{828.0040 138.2280} {828.0600 144.0600}					unrestricted	M2	n94654	detail_route		target_cell=ZBUF_753_inst_7400
near_shape	PATH_13_576870	shape	{828.3080 144.0040} {828.3640 146.4920}					unrestricted	M2	n94654	detail_route		target_cell=ZBUF_753_inst_7400
near_shape	PATH_13_578467	shape	{827.5480 137.0120} {827.6040 143.9080}					unrestricted	M2	n95337	detail_route		target_cell=ZBUF_753_inst_7400
near_shape	PATH_13_579841	shape	{826.4840 136.1000} {826.5400 184.7960}					unrestricted	M2	n96098	detail_route		target_cell=ZBUF_753_inst_7400
near_shape	PATH_13_581170	shape	{828.9160 139.4440} {828.9720 144.3640}					unrestricted	M2	n96894	detail_route		target_cell=ZBUF_753_inst_7400
near_shape	PATH_13_581175	shape	{829.3720 129.1080} {829.4280 139.6520}					unrestricted	M2	n96897	detail_route		target_cell=ZBUF_753_inst_7400
near_shape	PATH_13_581293	shape	{829.5240 137.3160} {829.5800 139.5000}					unrestricted	M2	n96961	detail_route		target_cell=ZBUF_753_inst_7400
near_shape	PATH_13_582773	shape	{830.7400 128.5000} {830.7960 139.5000}					unrestricted	M2	n97645	detail_route		target_cell=ZBUF_753_inst_7400
near_shape	PATH_13_587380	shape	{830.8920 143.0920} {830.9480 144.6680}					unrestricted	M2	n100209	detail_route		target_cell=ZBUF_753_inst_7400
near_shape	PATH_13_587381	shape	{831.5000 123.1800} {831.5560 143.1480}					unrestricted	M2	n100209	detail_route		target_cell=ZBUF_753_inst_7400
near_shape	PATH_13_588740	shape	{828.7640 135.9480} {828.8200 138.5880}					unrestricted	M2	n101021	detail_route		target_cell=ZBUF_753_inst_7400
near_shape	PATH_13_590062	shape	{826.9400 139.7480} {826.9960 147.7080}					unrestricted	M2	n101887	detail_route		target_cell=ZBUF_753_inst_7400
near_shape	PATH_13_590288	shape	{832.2600 128.5000} {832.3160 138.8920}					unrestricted	M2	n101961	detail_route		target_cell=ZBUF_753_inst_7400
near_shape	PATH_13_592035	shape	{830.8920 133.6680} {830.9480 142.2360}					unrestricted	M2	n102645	detail_route		target_cell=ZBUF_753_inst_7400
near_shape	PATH_15_595801	shape	{831.9560 144.0040} {834.7480 144.0600}					unrestricted	M3	ZBUF_2287_1973	detail_route		target_cell=ZBUF_753_inst_7400
near_shape	PATH_13_595915	shape	{832.1080 143.7000} {832.1640 144.5160}					unrestricted	M2	n104459	detail_route		target_cell=ZBUF_753_inst_7400
near_shape	PATH_15_628118	shape	{832.2600 138.5320} {842.8040 138.5880}					unrestricted	M3	ZBUF_635_2552	detail_route		target_cell=ZBUF_753_inst_7400
near_shape	PATH_13_655006	shape	{828.3080 137.9240} {828.3640 142.8440}					unrestricted	M2	n129360	detail_route		target_cell=ZBUF_753_inst_7400
near_shape	PATH_13_954399	shape	{831.9560 143.8520} {832.0120 153.4840}					unrestricted	M2	ZBUF_2_1366	detail_route		target_cell=ZBUF_753_inst_7400
near_shape	PATH_13_954453	shape	{830.5880 144.0040} {830.6440 157.1320}					unrestricted	M2	ZBUF_2_1381	detail_route		target_cell=ZBUF_753_inst_7400
near_shape	PATH_13_980155	shape	{829.2200 144.0040} {829.2760 144.5160}					unrestricted	M2	ZBUF_2_501	detail_route		target_cell=ZBUF_753_inst_7400
near_shape	PATH_13_982875	shape	{831.0440 141.8760} {831.1000 146.4920}					unrestricted	M2	ZBUF_2_887	detail_route		target_cell=ZBUF_753_inst_7400
near_shape	PATH_13_1023740	shape	{829.3720 143.3960} {829.4280 147.1000}					unrestricted	M2	ZBUF_2_1374	detail_route		target_cell=ZBUF_753_inst_7400
near_shape	PATH_13_1023759	shape	{832.4120 141.2680} {832.4680 144.5160}					unrestricted	M2	ZBUF_2_1392	detail_route		target_cell=ZBUF_753_inst_7400
near_shape	PATH_13_1023803	shape	{831.8040 142.7880} {831.8600 151.3560}					unrestricted	M2	ZBUF_2_1413	detail_route		target_cell=ZBUF_753_inst_7400
near_shape	PATH_13_1117666	shape	{831.9560 138.0760} {832.0120 138.5880}					unrestricted	M2	ZBUF_635_2552	detail_route		target_cell=ZBUF_753_inst_7400
near_via	VIA_S_780246	via	{832.8410 140.3290} {832.9510 140.4390}			832.8960 140.3840	R90	unrestricted		n96149	detail_route	VIA23SQ_C	target_cell=ZBUF_753_inst_7400
near_via	VIA_S_780247	via	{832.8410 139.2650} {832.9510 139.3750}			832.8960 139.3200	R0	unrestricted		n96149	detail_route	VIA12SQ_C	target_cell=ZBUF_753_inst_7400
near_via	VIA_S_890558	via	{826.3050 143.3690} {826.4150 143.4790}			826.3600 143.4240	R90	unrestricted		n94653	detail_route	VIA23SQ_C	target_cell=ZBUF_753_inst_7400
near_via	VIA_S_890560	via	{827.9770 138.2010} {828.0870 138.3110}			828.0320 138.2560	R0	unrestricted		n94654	detail_route	VIA12SQ_C	target_cell=ZBUF_753_inst_7400
near_via	VIA_S_916021	via	{831.3210 143.9770} {831.4310 144.0870}			831.3760 144.0320	R0	unrestricted		n102578	detail_route	VIA34SQ_C	target_cell=ZBUF_753_inst_7400
near_via	VIA_S_916022	via	{831.3210 143.9770} {831.4310 144.0870}			831.3760 144.0320	R90	unrestricted		n102578	detail_route	VIA23SQ_C	target_cell=ZBUF_753_inst_7400
near_via	VIA_S_1590753	via	{832.8410 138.5050} {832.9510 138.6150}			832.8960 138.5600	R90	unrestricted		ZBUF_950_154	detail_route	VIA45SQ_C	target_cell=ZBUF_753_inst_7400
near_via	VIA_S_1606140	via	{829.8010 143.9770} {829.9110 144.0870}			829.8560 144.0320	R0	unrestricted		ZBUF_2_501	detail_route	VIA34SQ_C	target_cell=ZBUF_753_inst_7400
near_via	VIA_S_1606141	via	{829.1930 143.9770} {829.3030 144.0870}			829.2480 144.0320	R90	unrestricted		ZBUF_2_501	detail_route	VIA23SQ_C	target_cell=ZBUF_753_inst_7400
near_via	VIA_S_1765666	via	{831.9290 143.9770} {832.0390 144.0870}			831.9840 144.0320	R90	unrestricted		ZBUF_2287_1973	detail_route	VIA45SQ_C	target_cell=ZBUF_753_inst_7400
near_via	VIA_S_1765667	via	{831.9290 143.9770} {832.0390 144.0870}			831.9840 144.0320	R0	unrestricted		ZBUF_2287_1973	detail_route	VIA34SQ_C	target_cell=ZBUF_753_inst_7400
net	ZBUF_753_1116	net	{820.6350 78.2970} {881.9410 272.3780}					unrestricted					
net_pin	ZBUF_753_inst_7400/Y	pin	{829.2230 140.4910} {830.6710 141.9400}					placed	M1 CO	ZBUF_753_1116			net=ZBUF_753_1116
net_pin	u_input_fifo/fifo_buf_reg[257][15]/RSTB	pin	{826.1070 259.1900} {827.2370 259.3190}					placed	M1 CO	ZBUF_753_1116			net=ZBUF_753_1116
net_pin	u_input_fifo/fifo_buf_reg[257][13]/RSTB	pin	{820.6350 255.5290} {821.7650 255.6580}					placed	M1 CO	ZBUF_753_1116			net=ZBUF_753_1116
net_pin	u_input_fifo/fifo_buf_reg[257][12]/RSTB	pin	{825.3470 262.5340} {826.4770 262.6630}					placed	M1 CO	ZBUF_753_1116			net=ZBUF_753_1116
net_pin	u_input_fifo/fifo_buf_reg[257][10]/RSTB	pin	{826.4110 265.8780} {827.5410 266.0070}					placed	M1 CO	ZBUF_753_1116			net=ZBUF_753_1116
net_pin	u_input_fifo/fifo_buf_reg[257][9]/RSTB	pin	{825.3470 255.8460} {826.4770 255.9750}					placed	M1 CO	ZBUF_753_1116			net=ZBUF_753_1116
net_pin	u_input_fifo/fifo_buf_reg[257][6]/RSTB	pin	{824.8910 272.2490} {826.0210 272.3780}					placed	M1 CO	ZBUF_753_1116			net=ZBUF_753_1116
net_pin	u_input_fifo/fifo_buf_reg[667][15]/RSTB	pin	{878.0910 98.3610} {879.2210 98.4900}					placed	M1 CO	ZBUF_753_1116			net=ZBUF_753_1116
net_pin	u_input_fifo/fifo_buf_reg[667][12]/RSTB	pin	{871.4030 81.9580} {872.5330 82.0870}					placed	M1 CO	ZBUF_753_1116			net=ZBUF_753_1116
net_pin	u_input_fifo/fifo_buf_reg[667][9]/RSTB	pin	{878.8510 91.9900} {879.9810 92.1190}					placed	M1 CO	ZBUF_753_1116			net=ZBUF_753_1116
net_pin	u_input_fifo/fifo_buf_reg[667][8]/RSTB	pin	{853.3150 78.6140} {854.4450 78.7430}					placed	M1 CO	ZBUF_753_1116			net=ZBUF_753_1116
net_pin	u_input_fifo/fifo_buf_reg[667][7]/RSTB	pin	{851.9470 78.2970} {853.0770 78.4260}					placed	M1 CO	ZBUF_753_1116			net=ZBUF_753_1116
net_pin	u_input_fifo/fifo_buf_reg[667][6]/RSTB	pin	{853.4670 91.6730} {854.5970 91.8020}					placed	M1 CO	ZBUF_753_1116			net=ZBUF_753_1116
net_pin	u_input_fifo/fifo_buf_reg[667][3]/RSTB	pin	{878.0910 88.3290} {879.2210 88.4580}					placed	M1 CO	ZBUF_753_1116			net=ZBUF_753_1116
net_pin	u_input_fifo/fifo_buf_reg[667][2]/RSTB	pin	{859.2430 84.9850} {860.3730 85.1140}					placed	M1 CO	ZBUF_753_1116			net=ZBUF_753_1116
net_pin	u_input_fifo/fifo_buf_reg[667][1]/RSTB	pin	{880.8110 95.3340} {881.9410 95.4630}					placed	M1 CO	ZBUF_753_1116			net=ZBUF_753_1116
net_pin	u_input_fifo/fifo_buf_reg[668][14]/RSTB	pin	{858.4830 105.3660} {859.6130 105.4950}					placed	M1 CO	ZBUF_753_1116			net=ZBUF_753_1116
net_pin	u_input_fifo/fifo_buf_reg[668][13]/RSTB	pin	{858.1790 115.3980} {859.3090 115.5270}					placed	M1 CO	ZBUF_753_1116			net=ZBUF_753_1116
net_pin	u_input_fifo/fifo_buf_reg[668][11]/RSTB	pin	{855.7470 118.7420} {856.8770 118.8710}					placed	M1 CO	ZBUF_753_1116			net=ZBUF_753_1116
net_pin	u_input_fifo/fifo_buf_reg[668][10]/RSTB	pin	{858.3310 111.7370} {859.4610 111.8660}					placed	M1 CO	ZBUF_753_1116			net=ZBUF_753_1116
net_pin	u_input_fifo/fifo_buf_reg[668][2]/RSTB	pin	{868.0590 105.3660} {869.1890 105.4950}					placed	M1 CO	ZBUF_753_1116			net=ZBUF_753_1116
net_pin	u_input_fifo/fifo_buf_reg[731][12]/RSTB	pin	{869.2750 85.3020} {870.4050 85.4310}					placed	M1 CO	ZBUF_753_1116			net=ZBUF_753_1116
net_pin	u_input_fifo/fifo_buf_reg[731][9]/RSTB	pin	{876.2670 101.7050} {877.3970 101.8340}					placed	M1 CO	ZBUF_753_1116			net=ZBUF_753_1116
net_pin	u_input_fifo/fifo_buf_reg[731][8]/RSTB	pin	{858.1790 88.3290} {859.3090 88.4580}					placed	M1 CO	ZBUF_753_1116			net=ZBUF_753_1116
net_pin	u_input_fifo/fifo_buf_reg[731][7]/RSTB	pin	{857.1150 81.6410} {858.2450 81.7700}					placed	M1 CO	ZBUF_753_1116			net=ZBUF_753_1116
net_pin	u_input_fifo/fifo_buf_reg[731][6]/RSTB	pin	{858.6350 91.9900} {859.7650 92.1190}					placed	M1 CO	ZBUF_753_1116			net=ZBUF_753_1116
net_pin	u_input_fifo/fifo_buf_reg[731][3]/RSTB	pin	{877.1630 88.6460} {878.2930 88.7750}					placed	M1 CO	ZBUF_753_1116			net=ZBUF_753_1116
net_pin	u_input_fifo/fifo_buf_reg[732][0]/RSTB	pin	{871.5550 102.0220} {872.6850 102.1510}					placed	M1 CO	ZBUF_753_1116			net=ZBUF_753_1116
net_pin	u_input_fifo/fifo_buf_reg[732][10]/RSTB	pin	{863.6510 108.3930} {864.7810 108.5220}					placed	M1 CO	ZBUF_753_1116			net=ZBUF_753_1116
net_pin	u_input_fifo/fifo_buf_reg[732][3]/RSTB	pin	{872.0110 101.7050} {873.1410 101.8340}					placed	M1 CO	ZBUF_753_1116			net=ZBUF_753_1116
